site,IGBP,Koppen,R2,RMSE,MAPE,pred_std,target,model,split_type,n_seeds
AMF_US-Mo2,GRA,D,0.7419134974479675,1.9609508514404297,0.5178827,0.4767457913566142,GPP_NT_VUT_USTAR50,tam-rl,IGBP,10
AMF_US-Wi9,ENF,D,0.2080358862876892,2.0155818462371826,0.42757538,0.4373611499732004,GPP_NT_VUT_USTAR50,tam-rl,IGBP,10
JPX_JP-Sb1,WET,D,0.0,1.9296410083770752,0.2882164,0.9890070502565275,GPP_NT_VUT_USTAR50,tam-rl,IGBP,10
AMF_US-Dmg,WET,C,0.4916125535964966,2.994006633758545,0.368472,0.6154225208507556,GPP_NT_VUT_USTAR50,tam-rl,IGBP,10
AMF_US-RGF,CRO,B,0.31529438495635986,6.659669876098633,0.5837021,1.3603030616292768,GPP_NT_VUT_USTAR50,tam-rl,IGBP,10
AMF_US-xDC,GRA,D,0.8847785592079163,0.7362048029899597,0.30763385,0.2948288926341437,GPP_NT_VUT_USTAR50,tam-rl,IGBP,10
AMF_CA-Qfo,ENF,D,0.847724199295044,0.7909287810325623,0.3278892,0.3144773022979678,GPP_NT_VUT_USTAR50,tam-rl,IGBP,10
FLX_CN-Dan,GRA,D,0.0,1.4193487167358398,0.9951732,0.6726011542149557,GPP_NT_VUT_USTAR50,tam-rl,IGBP,10
AMF_US-xJR,OSH,B,0.0,1.0866272449493408,1.5470424,0.22827108278625463,GPP_NT_VUT_USTAR50,tam-rl,IGBP,10
FLX_DK-Fou,CRO,C,0.20601069927215576,3.0378072261810303,0.61556363,0.6192520692209508,GPP_NT_VUT_USTAR50,tam-rl,IGBP,10
AMF_US-Cop,GRA,B,0.3083578944206238,0.30854931473731995,0.8094836,0.14903213277936297,GPP_NT_VUT_USTAR50,tam-rl,IGBP,10
AMF_US-xBN,ENF,D,0.8434724807739258,0.6780211329460144,0.41198492,0.1945806669249451,GPP_NT_VUT_USTAR50,tam-rl,IGBP,10
AMF_US-CS1,CRO,D,0.872305154800415,1.361409306526184,0.39602068,0.3182326272308596,GPP_NT_VUT_USTAR50,tam-rl,IGBP,10
FLX_CA-TP3,ENF,D,0.8096136450767517,1.6448841094970703,0.29546806,0.4073687681920933,GPP_NT_VUT_USTAR50,tam-rl,IGBP,10
FLX_IT-Cp2,EBF,C,0.6457899808883667,1.2725086212158203,0.17319192,0.41409387379511237,GPP_NT_VUT_USTAR50,tam-rl,IGBP,10
AMF_US-MOz,DBF,D,0.7806401252746582,1.8324990272521973,0.35021925,0.5014099470132914,GPP_NT_VUT_USTAR50,tam-rl,IGBP,10
FLX_AR-SLu,MF,B,0.0,5.089996814727783,0.6094665,0.9554337132593341,GPP_NT_VUT_USTAR50,tam-rl,IGBP,10
AMF_US-CS5,CRO,D,0.7201112508773804,1.7030011415481567,0.5201099,0.4148898112338657,GPP_NT_VUT_USTAR50,tam-rl,IGBP,10
ICOSETC_FI-Var,ENF,D,0.850899875164032,0.7536819577217102,0.38133943,0.2721834267494816,GPP_NT_VUT_USTAR50,tam-rl,IGBP,10
AMF_US-xUN,MF,D,0.9262838363647461,0.9454076290130615,0.2880226,0.25679916647305134,GPP_NT_VUT_USTAR50,tam-rl,IGBP,10
FLX_IT-Ro1,DBF,C,0.7844901084899902,1.6343952417373657,0.28879896,0.48171028801352317,GPP_NT_VUT_USTAR50,tam-rl,IGBP,10
AMF_US-Rls,CSH,B,0.7633691430091858,0.6232511401176453,0.35534668,0.2874329917420464,GPP_NT_VUT_USTAR50,tam-rl,IGBP,10
AMF_US-Wi6,OSH,D,0.6612180471420288,1.6992721557617188,0.30107486,0.5405932366125114,GPP_NT_VUT_USTAR50,tam-rl,IGBP,10
FLX_AU-Cum,EBF,C,0.0,5.146057605743408,1.4971493,1.4629406461523413,GPP_NT_VUT_USTAR50,tam-rl,IGBP,10
ICOSETC_BE-Lon,CRO,C,0.5613616108894348,3.079803228378296,0.61830014,0.4428132250615748,GPP_NT_VUT_USTAR50,tam-rl,IGBP,10
AMF_US-NR1,ENF,D,0.9092563390731812,0.7369022965431213,0.28459674,0.3638053187647296,GPP_NT_VUT_USTAR50,tam-rl,IGBP,10
JPX_JP-Toc,DBF,D,0.6724023818969727,3.6411266326904297,0.57880425,0.4435054760165123,GPP_NT_VUT_USTAR50,tam-rl,IGBP,10
ICOSETC_BE-Maa,CSH,C,0.49352842569351196,1.5605649948120117,0.46768886,0.5866070196278448,GPP_NT_VUT_USTAR50,tam-rl,IGBP,10
AMF_US-PFm,DBF,D,0.43159812688827515,3.434648036956787,0.3094102,0.5562408129807478,GPP_NT_VUT_USTAR50,tam-rl,IGBP,10
ICOSETC_SE-Htm,ENF,D,0.6472131013870239,2.8611655235290527,0.37748453,0.8211267755274798,GPP_NT_VUT_USTAR50,tam-rl,IGBP,10
FLX_AU-Whr,EBF,B,0.0,1.8289164304733276,0.4976299,1.2222566405849185,GPP_NT_VUT_USTAR50,tam-rl,IGBP,10
FLX_US-Wi1,DBF,D,0.25970643758773804,5.405980587005615,0.3759247,0.6058792380293363,GPP_NT_VUT_USTAR50,tam-rl,IGBP,10
FLX_CN-HaM,GRA,E,0.6532161235809326,1.2950029373168945,0.60767514,0.8146388570549511,GPP_NT_VUT_USTAR50,tam-rl,IGBP,10
FLX_US-Wi6,OSH,D,0.8300881385803223,1.066443920135498,0.3035202,0.4955254887586463,GPP_NT_VUT_USTAR50,tam-rl,IGBP,10
AMF_US-xKA,GRA,D,0.26056915521621704,2.8153889179229736,0.72707605,0.4486102851592401,GPP_NT_VUT_USTAR50,tam-rl,IGBP,10
FLX_DE-Hai,DBF,D,0.9349249601364136,1.102262258529663,0.232734,0.40542002419243695,GPP_NT_VUT_USTAR50,tam-rl,IGBP,10
FLX_AU-GWW,SAV,B,0.24278336763381958,0.4420754909515381,0.2734397,0.6661903382289803,GPP_NT_VUT_USTAR50,tam-rl,IGBP,10
FLX_SJ-Adv,WET,E,0.2170271873474121,1.3546913862228394,0.72003955,0.1751464952261372,GPP_NT_VUT_USTAR50,tam-rl,IGBP,10
AMF_US-RGA,CRO,C,0.5567598938941956,4.632115840911865,0.4632363,0.9676275565237875,GPP_NT_VUT_USTAR50,tam-rl,IGBP,10
AMF_US-xDS,CVM,C,0.5999822616577148,0.9879744052886963,0.20073232,0.9132086946109846,GPP_NT_VUT_USTAR50,tam-rl,IGBP,10
FLX_SD-Dem,SAV,B,0.1124417781829834,2.0589354038238525,0.5609823,0.6303146827294995,GPP_NT_VUT_USTAR50,tam-rl,IGBP,10
ICOSETC_IT-Lsn,OSH,C,0.8170148134231567,1.2756208181381226,0.2409945,0.6791427902751443,GPP_NT_VUT_USTAR50,tam-rl,IGBP,10
AMF_MX-Tes,DBF,B,0.0,3.885639190673828,2.422754,0.6565153619725782,GPP_NT_VUT_USTAR50,tam-rl,IGBP,10
AMF_US-Srr,WET,C,0.0,4.0324883460998535,0.45501438,0.9010818243200851,GPP_NT_VUT_USTAR50,tam-rl,IGBP,10
FLX_CA-Gro,MF,D,0.8873370289802551,1.0491909980773926,0.2723805,0.27063205751453756,GPP_NT_VUT_USTAR50,tam-rl,IGBP,10
AMF_CA-MA2,CRO,D,0.3019065856933594,2.7444875240325928,0.95968205,0.7408412168458424,GPP_NT_VUT_USTAR50,tam-rl,IGBP,10
AMF_US-UMd,DBF,D,0.8945465683937073,1.3066608905792236,0.26089835,0.309001893733761,GPP_NT_VUT_USTAR50,tam-rl,IGBP,10
AMF_US-BZB,WET,D,0.8852323293685913,0.615077018737793,0.2904778,0.21140887619778834,GPP_NT_VUT_USTAR50,tam-rl,IGBP,10
AMF_US-SRM,WSA,B,0.6222640872001648,0.5972951054573059,0.75348765,0.13003497917254803,GPP_NT_VUT_USTAR50,tam-rl,IGBP,10
AMF_US-xRM,ENF,D,0.7811592817306519,0.7264925837516785,0.53232,0.4221874730842682,GPP_NT_VUT_USTAR50,tam-rl,IGBP,10
FLX_GF-Guy,EBF,A,0.0,2.8006091117858887,0.23247936,0.7263986134584591,GPP_NT_VUT_USTAR50,tam-rl,IGBP,10
FLX_US-SRC,OSH,B,0.524408757686615,0.3336421847343445,0.56191146,0.11412094364616203,GPP_NT_VUT_USTAR50,tam-rl,IGBP,10
FLX_US-KS1,ENF,C,0.38800638914108276,1.198568344116211,0.16906469,0.5904448973700576,GPP_NT_VUT_USTAR50,tam-rl,IGBP,10
FLX_US-Tw3,CRO,C,0.12463665008544922,4.215246200561523,0.3000038,0.9935761389822637,GPP_NT_VUT_USTAR50,tam-rl,IGBP,10
ICOSETC_FI-Hyy,ENF,D,0.8980093002319336,0.9260289072990417,0.29246485,0.2857766905260882,GPP_NT_VUT_USTAR50,tam-rl,IGBP,10
ICOSETC_FI-Let,ENF,D,0.8421223163604736,1.2712898254394531,0.3911162,0.48805558333958243,GPP_NT_VUT_USTAR50,tam-rl,IGBP,10
FLX_CZ-BK2,GRA,D,0.6598125696182251,1.9706425666809082,0.43703997,0.5622712088194299,GPP_NT_VUT_USTAR50,tam-rl,IGBP,10
FLX_US-Ha1,DBF,D,0.8723481297492981,1.7506741285324097,0.29817328,0.3749361640569593,GPP_NT_VUT_USTAR50,tam-rl,IGBP,10
AMF_US-Pnp,WAT,D,0.0,1.602320671081543,0.8808011,0.280737614994582,GPP_NT_VUT_USTAR50,tam-rl,IGBP,10
FLX_US-CRT,CRO,D,0.3373132348060608,4.267078876495361,1.0374683,0.6938129365453812,GPP_NT_VUT_USTAR50,tam-rl,IGBP,10
FLX_CN-Du2,GRA,D,0.4501689076423645,0.8696771860122681,0.6968062,0.5331178780712791,GPP_NT_VUT_USTAR50,tam-rl,IGBP,10
AMF_US-ARb,GRA,C,0.8490036725997925,1.3466521501541138,0.38168684,0.5063098527690489,GPP_NT_VUT_USTAR50,tam-rl,IGBP,10
AMF_US-Wi1,DBF,D,0.19594842195510864,5.64693546295166,0.39995328,0.6071191704227309,GPP_NT_VUT_USTAR50,tam-rl,IGBP,10
FLX_CA-TP4,ENF,D,0.8124179244041443,1.6110661029815674,0.32293501,0.381570008452779,GPP_NT_VUT_USTAR50,tam-rl,IGBP,10
FLX_US-Atq,WET,E,0.6558394432067871,0.7498995065689087,0.6238193,0.1801874570306891,GPP_NT_VUT_USTAR50,tam-rl,IGBP,10
AMF_US-Mo3,CRO,D,0.7561570405960083,2.2742035388946533,0.4624947,0.731943265771633,GPP_NT_VUT_USTAR50,tam-rl,IGBP,10
FLX_IT-MBo,GRA,D,0.8646012544631958,1.6244940757751465,0.25538316,0.6226915879857672,GPP_NT_VUT_USTAR50,tam-rl,IGBP,10
AMF_US-NC4,WET,C,0.7302746772766113,2.2407705783843994,0.27891132,0.6668948061387294,GPP_NT_VUT_USTAR50,tam-rl,IGBP,10
AMF_CA-TPD,DBF,D,0.907507061958313,1.2681291103363037,0.26662818,0.4395778408159953,GPP_NT_VUT_USTAR50,tam-rl,IGBP,10
AMF_US-Tw2,CRO,C,0.8448636531829834,2.1083974838256836,0.32560393,0.8267639100882926,GPP_NT_VUT_USTAR50,tam-rl,IGBP,10
FLX_CN-Qia,ENF,C,0.6762946844100952,1.6482106447219849,0.27352566,0.8292713342034997,GPP_NT_VUT_USTAR50,tam-rl,IGBP,10
AMF_US-xBR,DBF,D,0.8506685495376587,1.3936680555343628,0.30039835,0.3323410104384409,GPP_NT_VUT_USTAR50,tam-rl,IGBP,10
FLX_GL-ZaF,WET,E,0.44057661294937134,0.6308069825172424,0.8981856,0.11214361317321093,GPP_NT_VUT_USTAR50,tam-rl,IGBP,10
AMF_US-HB2,ENF,C,0.3137509226799011,2.075483560562134,0.2658472,0.7126310387589743,GPP_NT_VUT_USTAR50,tam-rl,IGBP,10
AMF_US-PFt,ENF,D,0.0,3.6429708003997803,0.36721066,0.505782532189952,GPP_NT_VUT_USTAR50,tam-rl,IGBP,10
FLX_AU-Stp,GRA,B,0.6297758221626282,0.8434857130050659,0.63484657,0.35864288188348975,GPP_NT_VUT_USTAR50,tam-rl,IGBP,10
FLX_AU-RDF,WSA,A,0.18537527322769165,2.7376253604888916,1.0085866,0.49839078686154,GPP_NT_VUT_USTAR50,tam-rl,IGBP,10
FLX_US-Wi3,DBF,D,0.8592686057090759,1.6749690771102905,0.22221318,0.49298482973142527,GPP_NT_VUT_USTAR50,tam-rl,IGBP,10
FLX_JP-MBF,DBF,D,0.785666823387146,1.4600821733474731,0.40328878,0.5146354212878961,GPP_NT_VUT_USTAR50,tam-rl,IGBP,10
ICOSETC_FR-Tou,GRA,C,0.4825916886329651,1.9718263149261475,0.4179867,0.637592334759817,GPP_NT_VUT_USTAR50,tam-rl,IGBP,10
FLX_US-GBT,ENF,D,0.46717989444732666,1.3660085201263428,0.5690108,0.2233375483261857,GPP_NT_VUT_USTAR50,tam-rl,IGBP,10
FLX_US-KS2,CSH,C,0.5795140862464905,1.117625117301941,0.16446765,0.3794500470881418,GPP_NT_VUT_USTAR50,tam-rl,IGBP,10
AMF_US-xSE,DBF,C,0.8939099311828613,1.4106305837631226,0.31395644,0.47576494392475244,GPP_NT_VUT_USTAR50,tam-rl,IGBP,10
FLX_US-Oho,DBF,D,0.9393412470817566,1.2601121664047241,0.22223788,0.4424561833641067,GPP_NT_VUT_USTAR50,tam-rl,IGBP,10
AMF_US-SP1,ENF,C,0.092357337474823,2.179025650024414,0.35108802,0.4821184132205574,GPP_NT_VUT_USTAR50,tam-rl,IGBP,10
AMF_US-CS4,CRO,D,0.7119479179382324,2.3860459327697754,0.41106218,0.4871832810311652,GPP_NT_VUT_USTAR50,tam-rl,IGBP,10
ICOSETC_NO-Hur,ENF,D,0.0,1.7705694437026978,1.0022012,0.3347957189921113,GPP_NT_VUT_USTAR50,tam-rl,IGBP,10
JPX_RU-NeF,DNF,D,0.13365483283996582,3.3682162761688232,0.54861337,0.5077468041971506,GPP_NT_VUT_USTAR50,tam-rl,IGBP,10
AMF_US-UC2,CVM,D,0.6792078018188477,2.76961088180542,0.48691243,0.8104084001985459,GPP_NT_VUT_USTAR50,tam-rl,IGBP,10
AMF_CA-Ca1,ENF,C,0.028793156147003174,4.277833938598633,0.6363188,0.4032392657290032,GPP_NT_VUT_USTAR50,tam-rl,IGBP,10
AMF_US-NGB,SNO,E,0.2392975091934204,1.0777575969696045,1.0640224,0.2601441325401168,GPP_NT_VUT_USTAR50,tam-rl,IGBP,10
FLX_FR-LBr,ENF,C,0.7154363393783569,1.5742813348770142,0.26095212,0.4760876892945623,GPP_NT_VUT_USTAR50,tam-rl,IGBP,10
AMF_US-Var,GRA,C,0.7201389074325562,1.4962713718414307,0.4958505,0.4198084182511743,GPP_NT_VUT_USTAR50,tam-rl,IGBP,10
FLX_CN-Cha,MF,D,0.7931443452835083,2.2039709091186523,0.28945595,0.8664322598595608,GPP_NT_VUT_USTAR50,tam-rl,IGBP,10
AMF_US-CGG,GRA,C,0.0,1.7368830442428589,0.63443375,0.3240718704114864,GPP_NT_VUT_USTAR50,tam-rl,IGBP,10
ICOSETC_IT-Noe,CSH,C,0.38570868968963623,1.43747878074646,0.29404843,0.3426010776518588,GPP_NT_VUT_USTAR50,tam-rl,IGBP,10
FLX_IT-CA2,CRO,C,0.0,3.6641781330108643,0.7600763,1.5656593172750826,GPP_NT_VUT_USTAR50,tam-rl,IGBP,10
FLX_DE-SfN,WET,D,0.5157955288887024,1.2256296873092651,0.4215966,0.433527102748326,GPP_NT_VUT_USTAR50,tam-rl,IGBP,10
FLX_US-Myb,WET,C,0.5541384220123291,2.8501741886138916,0.37510172,0.4322674438631556,GPP_NT_VUT_USTAR50,tam-rl,IGBP,10
AMF_US-Jo1,OSH,B,0.4865913987159729,0.39946892857551575,0.33490807,0.15235956998343173,GPP_NT_VUT_USTAR50,tam-rl,IGBP,10
FLX_CA-Oas,DBF,D,0.8377490043640137,1.564971685409546,0.37478548,0.3239151088372881,GPP_NT_VUT_USTAR50,tam-rl,IGBP,10
AMF_US-EML,OSH,D,0.7299619317054749,0.9225568771362305,0.4329865,0.3161155598862594,GPP_NT_VUT_USTAR50,tam-rl,IGBP,10
FLX_US-ORv,WET,D,0.6470392346382141,1.6232883930206299,0.47091964,0.4009013105641287,GPP_NT_VUT_USTAR50,tam-rl,IGBP,10
ICOSETC_FR-Gri,CRO,C,0.4668703079223633,3.378283739089966,0.6793008,0.4552446448044974,GPP_NT_VUT_USTAR50,tam-rl,IGBP,10
AMF_US-xSB,ENF,C,0.5781056880950928,1.0542618036270142,0.21643008,0.4548399197110092,GPP_NT_VUT_USTAR50,tam-rl,IGBP,10
AMF_US-KLS,GRA,D,0.3765837550163269,2.684216022491455,0.58733344,0.45837405642093765,GPP_NT_VUT_USTAR50,tam-rl,IGBP,10
AMF_US-Vcm,ENF,D,0.23168957233428955,1.1377190351486206,0.83360505,0.35979193098800877,GPP_NT_VUT_USTAR50,tam-rl,IGBP,10
AMF_US-AR2,GRA,C,0.40289413928985596,1.384759545326233,0.8369597,0.32267916953813014,GPP_NT_VUT_USTAR50,tam-rl,IGBP,10
AMF_US-HB1,WET,C,0.0,2.2218101024627686,0.5477234,1.0186793955974323,GPP_NT_VUT_USTAR50,tam-rl,IGBP,10
AMF_CA-NS1,ENF,D,0.7982805967330933,1.0708009004592896,0.38097852,0.23597497332514056,GPP_NT_VUT_USTAR50,tam-rl,IGBP,10
FLX_RU-Ha1,GRA,D,0.8247151374816895,0.8161407709121704,0.28938416,0.604206914894168,GPP_NT_VUT_USTAR50,tam-rl,IGBP,10
ICOSETC_CZ-BK1,ENF,D,0.7507957220077515,2.2871127128601074,0.31238252,0.4200645642723856,GPP_NT_VUT_USTAR50,tam-rl,IGBP,10
FLX_AU-Cpr,SAV,B,0.0,3.6262426376342773,2.1696742,0.8665349166839804,GPP_NT_VUT_USTAR50,tam-rl,IGBP,10
AMF_US-YK2,WET,D,0.842097818851471,0.6694015860557556,0.2721343,0.40829866513929836,GPP_NT_VUT_USTAR50,tam-rl,IGBP,10
AMF_US-BZS,ENF,D,0.7488016486167908,1.4909595251083374,0.36013865,0.2741505831305967,GPP_NT_VUT_USTAR50,tam-rl,IGBP,10
ICOSETC_IT-Niv,GRA,E,0.0,1.565327525138855,0.6458509,0.7253621928023255,GPP_NT_VUT_USTAR50,tam-rl,IGBP,10
ICOSETC_IT-Cp2,MF,C,0.15684592723846436,2.645289421081543,0.3575856,0.8132880235119101,GPP_NT_VUT_USTAR50,tam-rl,IGBP,10
AMF_US-Mo2,GRA,D,0.8497906923294067,1.0450732707977295,0.2298989,0.39914258533612085,RECO_NT_VUT_USTAR50,tam-rl,IGBP,10
AMF_US-Wi9,ENF,D,0.0,1.7134398221969604,0.7026051,0.3616974759182759,RECO_NT_VUT_USTAR50,tam-rl,IGBP,10
JPX_JP-Sb1,WET,D,0.0,0.9711328744888306,0.25107843,0.6755265305066335,RECO_NT_VUT_USTAR50,tam-rl,IGBP,10
AMF_US-Dmg,WET,C,0.6783386468887329,0.7403433322906494,0.15416966,0.33125640233148107,RECO_NT_VUT_USTAR50,tam-rl,IGBP,10
AMF_US-RGF,CRO,B,0.0,8.30801010131836,0.63762057,0.8964543880702495,RECO_NT_VUT_USTAR50,tam-rl,IGBP,10
AMF_US-xDC,GRA,D,0.7812260985374451,0.9822746515274048,0.31250572,0.3024680837886125,RECO_NT_VUT_USTAR50,tam-rl,IGBP,10
AMF_CA-Qfo,ENF,D,0.9129779934883118,0.45180150866508484,0.18338476,0.2724823117791962,RECO_NT_VUT_USTAR50,tam-rl,IGBP,10
FLX_CN-Dan,GRA,D,0.0,1.387708306312561,1.5729382,0.3911412182438869,RECO_NT_VUT_USTAR50,tam-rl,IGBP,10
AMF_US-xJR,OSH,B,0.0,0.4381101429462433,0.6988258,0.13151285697643442,RECO_NT_VUT_USTAR50,tam-rl,IGBP,10
FLX_DK-Fou,CRO,C,0.19903510808944702,2.1299097537994385,0.58770037,0.3437965986067914,RECO_NT_VUT_USTAR50,tam-rl,IGBP,10
AMF_US-Cop,GRA,B,0.0,0.2969406843185425,1.2596626,0.10677365254990946,RECO_NT_VUT_USTAR50,tam-rl,IGBP,10
AMF_US-xBN,ENF,D,0.8110878467559814,0.644340991973877,0.3569863,0.19221852693970598,RECO_NT_VUT_USTAR50,tam-rl,IGBP,10
AMF_US-CS1,CRO,D,0.8042598962783813,0.8155925273895264,0.36853185,0.24449084574482893,RECO_NT_VUT_USTAR50,tam-rl,IGBP,10
FLX_CA-TP3,ENF,D,0.8142346143722534,1.1209567785263062,0.26049,0.30141476054259475,RECO_NT_VUT_USTAR50,tam-rl,IGBP,10
FLX_IT-Cp2,EBF,C,0.5156763792037964,1.073116421699524,0.19351247,0.32388833557696317,RECO_NT_VUT_USTAR50,tam-rl,IGBP,10
AMF_US-MOz,DBF,D,0.7819551825523376,1.0353338718414307,0.26228508,0.4796941132001681,RECO_NT_VUT_USTAR50,tam-rl,IGBP,10
FLX_AR-SLu,MF,B,0.0,1.1532201766967773,0.27936754,1.0044376289049368,RECO_NT_VUT_USTAR50,tam-rl,IGBP,10
AMF_US-CS5,CRO,D,0.8461853861808777,0.6310103535652161,0.24591376,0.3323468713374472,RECO_NT_VUT_USTAR50,tam-rl,IGBP,10
ICOSETC_FI-Var,ENF,D,0.8432100415229797,0.5765359401702881,0.30624902,0.25663520540346507,RECO_NT_VUT_USTAR50,tam-rl,IGBP,10
AMF_US-xUN,MF,D,0.7104635238647461,0.9787895679473877,0.35977712,0.2336656130345355,RECO_NT_VUT_USTAR50,tam-rl,IGBP,10
FLX_IT-Ro1,DBF,C,0.0,1.848338007926941,0.40633747,0.36401159269546673,RECO_NT_VUT_USTAR50,tam-rl,IGBP,10
AMF_US-Rls,CSH,B,0.0,0.8237130045890808,0.41761333,0.19393787661187326,RECO_NT_VUT_USTAR50,tam-rl,IGBP,10
AMF_US-Wi6,OSH,D,0.3758094310760498,1.1448073387145996,0.476255,0.48439788690127106,RECO_NT_VUT_USTAR50,tam-rl,IGBP,10
FLX_AU-Cum,EBF,C,0.0,5.847992420196533,2.1863446,1.8709972112564528,RECO_NT_VUT_USTAR50,tam-rl,IGBP,10
ICOSETC_BE-Lon,CRO,C,0.5832741260528564,1.1940600872039795,0.33252198,0.2620563776831089,RECO_NT_VUT_USTAR50,tam-rl,IGBP,10
AMF_US-NR1,ENF,D,0.9094952940940857,0.4594361186027527,0.21389796,0.2662033507683697,RECO_NT_VUT_USTAR50,tam-rl,IGBP,10
JPX_JP-Toc,DBF,D,0.8126222491264343,1.0573630332946777,0.24106951,0.37462932942214583,RECO_NT_VUT_USTAR50,tam-rl,IGBP,10
ICOSETC_BE-Maa,CSH,C,0.7337443828582764,0.7692254781723022,0.18766186,0.43019082354384214,RECO_NT_VUT_USTAR50,tam-rl,IGBP,10
AMF_US-PFm,DBF,D,0.0,3.025542974472046,0.33952317,0.38295270778288765,RECO_NT_VUT_USTAR50,tam-rl,IGBP,10
ICOSETC_SE-Htm,ENF,D,0.15188103914260864,4.178805351257324,0.49128598,0.7212515976427343,RECO_NT_VUT_USTAR50,tam-rl,IGBP,10
FLX_AU-Whr,EBF,B,0.4293392300605774,0.6868762373924255,0.23067208,0.7989196578224778,RECO_NT_VUT_USTAR50,tam-rl,IGBP,10
FLX_US-Wi1,DBF,D,0.0,9.035079956054688,0.60148793,0.43163197708990686,RECO_NT_VUT_USTAR50,tam-rl,IGBP,10
FLX_CN-HaM,GRA,E,0.46347564458847046,1.010324478149414,0.66678435,0.48348932156500707,RECO_NT_VUT_USTAR50,tam-rl,IGBP,10
FLX_US-Wi6,OSH,D,0.0,1.45211660861969,0.8530707,0.4440665961841639,RECO_NT_VUT_USTAR50,tam-rl,IGBP,10
AMF_US-xKA,GRA,D,0.3941110372543335,1.42997407913208,0.4520906,0.349323186539879,RECO_NT_VUT_USTAR50,tam-rl,IGBP,10
FLX_DE-Hai,DBF,D,0.4711644649505615,0.9768335819244385,0.2648028,0.3511787055166521,RECO_NT_VUT_USTAR50,tam-rl,IGBP,10
FLX_AU-GWW,SAV,B,0.62399822473526,0.3504226803779602,0.29475585,0.4986499100061661,RECO_NT_VUT_USTAR50,tam-rl,IGBP,10
FLX_SJ-Adv,WET,E,0.16647344827651978,0.7692683935165405,0.58045375,0.10149993270767854,RECO_NT_VUT_USTAR50,tam-rl,IGBP,10
AMF_US-RGA,CRO,C,0.722208559513092,1.5645363330841064,0.24854408,0.5245091210590178,RECO_NT_VUT_USTAR50,tam-rl,IGBP,10
AMF_US-xDS,CVM,C,0.3621003031730652,0.7645044326782227,0.17125057,0.7297542331108069,RECO_NT_VUT_USTAR50,tam-rl,IGBP,10
FLX_SD-Dem,SAV,B,0.0,1.3895641565322876,0.56633466,0.42183056390847634,RECO_NT_VUT_USTAR50,tam-rl,IGBP,10
ICOSETC_IT-Lsn,OSH,C,0.8403356671333313,0.9061441421508789,0.19278023,0.8264755330737626,RECO_NT_VUT_USTAR50,tam-rl,IGBP,10
AMF_MX-Tes,DBF,B,0.0,2.35939621925354,2.1481955,0.5853161908674431,RECO_NT_VUT_USTAR50,tam-rl,IGBP,10
AMF_US-Srr,WET,C,0.0,2.8897786140441895,0.45057955,0.44334359041674853,RECO_NT_VUT_USTAR50,tam-rl,IGBP,10
FLX_CA-Gro,MF,D,0.8419150710105896,0.8629216551780701,0.22941265,0.23713889908950886,RECO_NT_VUT_USTAR50,tam-rl,IGBP,10
AMF_CA-MA2,CRO,D,0.7787861824035645,1.1004315614700317,0.26371765,0.4425462525268567,RECO_NT_VUT_USTAR50,tam-rl,IGBP,10
AMF_US-UMd,DBF,D,0.9216040372848511,0.5224568247795105,0.15567435,0.2845540566535363,RECO_NT_VUT_USTAR50,tam-rl,IGBP,10
AMF_US-BZB,WET,D,0.7863514423370361,0.5286229252815247,0.26248908,0.1681638675777686,RECO_NT_VUT_USTAR50,tam-rl,IGBP,10
AMF_US-SRM,WSA,B,0.6728874444961548,0.38387352228164673,0.39468595,0.09180884176918895,RECO_NT_VUT_USTAR50,tam-rl,IGBP,10
AMF_US-xRM,ENF,D,0.7605912685394287,0.5867015719413757,0.2655138,0.3349531977716961,RECO_NT_VUT_USTAR50,tam-rl,IGBP,10
FLX_GF-Guy,EBF,A,0.0,3.0132570266723633,0.25536165,0.696919422225596,RECO_NT_VUT_USTAR50,tam-rl,IGBP,10
FLX_US-SRC,OSH,B,0.7275813817977905,0.20816195011138916,0.59015375,0.08889778418918273,RECO_NT_VUT_USTAR50,tam-rl,IGBP,10
FLX_US-KS1,ENF,C,0.0,1.4430118799209595,0.2880293,0.6205051401351934,RECO_NT_VUT_USTAR50,tam-rl,IGBP,10
FLX_US-Tw3,CRO,C,0.0,2.0902774333953857,0.23117079,0.5704305755575388,RECO_NT_VUT_USTAR50,tam-rl,IGBP,10
ICOSETC_FI-Hyy,ENF,D,0.9018157124519348,0.5765253901481628,0.17208917,0.30210416770679005,RECO_NT_VUT_USTAR50,tam-rl,IGBP,10
ICOSETC_FI-Let,ENF,D,0.8250765800476074,1.087918758392334,0.2493383,0.48834092258042067,RECO_NT_VUT_USTAR50,tam-rl,IGBP,10
FLX_CZ-BK2,GRA,D,0.808259129524231,0.9086399078369141,0.20467108,0.4103685685156178,RECO_NT_VUT_USTAR50,tam-rl,IGBP,10
FLX_US-Ha1,DBF,D,0.38843679428100586,2.014864683151245,0.317653,0.33227366438606903,RECO_NT_VUT_USTAR50,tam-rl,IGBP,10
AMF_US-Pnp,WAT,D,0.0,0.6501894593238831,2.8135293,0.2817472376350722,RECO_NT_VUT_USTAR50,tam-rl,IGBP,10
FLX_US-CRT,CRO,D,0.5839998722076416,1.428018569946289,0.43616948,0.5441671767355879,RECO_NT_VUT_USTAR50,tam-rl,IGBP,10
FLX_CN-Du2,GRA,D,0.0,1.201514720916748,1.9226668,0.43200601804530536,RECO_NT_VUT_USTAR50,tam-rl,IGBP,10
AMF_US-ARb,GRA,C,0.8619488477706909,0.775789201259613,0.21225405,0.39619900517577405,RECO_NT_VUT_USTAR50,tam-rl,IGBP,10
AMF_US-Wi1,DBF,D,0.0,9.322888374328613,0.611815,0.4337250127685029,RECO_NT_VUT_USTAR50,tam-rl,IGBP,10
FLX_CA-TP4,ENF,D,0.6622844934463501,1.6899704933166504,0.29720414,0.28588665337681657,RECO_NT_VUT_USTAR50,tam-rl,IGBP,10
FLX_US-Atq,WET,E,0.764625072479248,0.3636902868747711,0.3882561,0.1142766444147978,RECO_NT_VUT_USTAR50,tam-rl,IGBP,10
AMF_US-Mo3,CRO,D,0.7376852035522461,1.2645920515060425,0.32520702,0.47151604702510697,RECO_NT_VUT_USTAR50,tam-rl,IGBP,10
FLX_IT-MBo,GRA,D,0.8697035312652588,1.1025511026382446,0.208771,0.535345532257647,RECO_NT_VUT_USTAR50,tam-rl,IGBP,10
AMF_US-NC4,WET,C,0.6830611228942871,2.1010565757751465,0.2728751,0.6848201053320573,RECO_NT_VUT_USTAR50,tam-rl,IGBP,10
AMF_CA-TPD,DBF,D,0.7433828711509705,1.2308993339538574,0.2679216,0.45730121291785025,RECO_NT_VUT_USTAR50,tam-rl,IGBP,10
AMF_US-Tw2,CRO,C,0.7764965295791626,1.547728180885315,0.20804913,0.7335079828772162,RECO_NT_VUT_USTAR50,tam-rl,IGBP,10
FLX_CN-Qia,ENF,C,0.45687222480773926,1.3950971364974976,0.3314249,0.8232857360900222,RECO_NT_VUT_USTAR50,tam-rl,IGBP,10
AMF_US-xBR,DBF,D,0.7851502895355225,1.043812870979309,0.2763617,0.306603832633679,RECO_NT_VUT_USTAR50,tam-rl,IGBP,10
FLX_GL-ZaF,WET,E,0.008230268955230713,0.4728858470916748,0.5301819,0.08532253541981427,RECO_NT_VUT_USTAR50,tam-rl,IGBP,10
AMF_US-HB2,ENF,C,0.007924199104309082,2.1522514820098877,0.4086991,0.6205732780982419,RECO_NT_VUT_USTAR50,tam-rl,IGBP,10
AMF_US-PFt,ENF,D,0.0,3.1016790866851807,0.42230856,0.46556325985884917,RECO_NT_VUT_USTAR50,tam-rl,IGBP,10
FLX_AU-Stp,GRA,B,0.02862638235092163,0.7156731486320496,0.49579337,0.3478718134372305,RECO_NT_VUT_USTAR50,tam-rl,IGBP,10
FLX_AU-RDF,WSA,A,0.6134222149848938,1.2609981298446655,0.37444353,0.4277229273758201,RECO_NT_VUT_USTAR50,tam-rl,IGBP,10
FLX_US-Wi3,DBF,D,0.0,2.623338222503662,1.378478,0.3662427701671338,RECO_NT_VUT_USTAR50,tam-rl,IGBP,10
FLX_JP-MBF,DBF,D,0.0,1.662855863571167,0.68870735,0.4518855021641235,RECO_NT_VUT_USTAR50,tam-rl,IGBP,10
ICOSETC_FR-Tou,GRA,C,0.20171189308166504,1.5015569925308228,0.31338996,0.6374621628410425,RECO_NT_VUT_USTAR50,tam-rl,IGBP,10
FLX_US-GBT,ENF,D,0.0,1.3222371339797974,1.8392929,0.21395841864751308,RECO_NT_VUT_USTAR50,tam-rl,IGBP,10
FLX_US-KS2,CSH,C,0.7333773374557495,0.8079184293746948,0.14084207,0.33418588356779966,RECO_NT_VUT_USTAR50,tam-rl,IGBP,10
AMF_US-xSE,DBF,C,0.7820326089859009,1.1113418340682983,0.25764635,0.4958041078501123,RECO_NT_VUT_USTAR50,tam-rl,IGBP,10
FLX_US-Oho,DBF,D,0.841255784034729,0.8609066605567932,0.31609038,0.3631501126191108,RECO_NT_VUT_USTAR50,tam-rl,IGBP,10
AMF_US-SP1,ENF,C,0.0,2.6100099086761475,0.55330884,0.5033913374783562,RECO_NT_VUT_USTAR50,tam-rl,IGBP,10
AMF_US-CS4,CRO,D,0.8712112903594971,0.9469538927078247,0.25457,0.36098091216610617,RECO_NT_VUT_USTAR50,tam-rl,IGBP,10
ICOSETC_NO-Hur,ENF,D,0.594336748123169,1.2444202899932861,0.40113038,0.3847082011071268,RECO_NT_VUT_USTAR50,tam-rl,IGBP,10
JPX_RU-NeF,DNF,D,0.32234978675842285,1.0630332231521606,0.34084252,0.36469992106993837,RECO_NT_VUT_USTAR50,tam-rl,IGBP,10
AMF_US-UC2,CVM,D,0.0,2.2859463691711426,0.5567999,0.5309635741534137,RECO_NT_VUT_USTAR50,tam-rl,IGBP,10
AMF_CA-Ca1,ENF,C,0.404865026473999,2.715043544769287,0.40196282,0.38780114814046085,RECO_NT_VUT_USTAR50,tam-rl,IGBP,10
AMF_US-NGB,SNO,E,0.041273295879364014,0.46881821751594543,0.74908906,0.1746152694897937,RECO_NT_VUT_USTAR50,tam-rl,IGBP,10
FLX_FR-LBr,ENF,C,0.6087629795074463,1.2525835037231445,0.24382515,0.3637555545752192,RECO_NT_VUT_USTAR50,tam-rl,IGBP,10
AMF_US-Var,GRA,C,0.547313392162323,1.2998642921447754,0.42872173,0.32590649461919,RECO_NT_VUT_USTAR50,tam-rl,IGBP,10
FLX_CN-Cha,MF,D,0.6679571270942688,1.9396520853042603,0.31824324,0.9792760679488152,RECO_NT_VUT_USTAR50,tam-rl,IGBP,10
AMF_US-CGG,GRA,C,0.0,1.669114112854004,0.58994585,0.2868936702454368,RECO_NT_VUT_USTAR50,tam-rl,IGBP,10
ICOSETC_IT-Noe,CSH,C,0.0,1.8002605438232422,0.36673263,0.23092804105072545,RECO_NT_VUT_USTAR50,tam-rl,IGBP,10
FLX_IT-CA2,CRO,C,0.0,2.247586488723755,0.5802576,0.8642458828179443,RECO_NT_VUT_USTAR50,tam-rl,IGBP,10
FLX_DE-SfN,WET,D,0.0,1.6876050233840942,0.9107912,0.6503848001460223,RECO_NT_VUT_USTAR50,tam-rl,IGBP,10
FLX_US-Myb,WET,C,0.15505677461624146,2.8212389945983887,0.4882083,0.2876989853386991,RECO_NT_VUT_USTAR50,tam-rl,IGBP,10
AMF_US-Jo1,OSH,B,0.45680326223373413,0.24760663509368896,0.42041546,0.10238084072892076,RECO_NT_VUT_USTAR50,tam-rl,IGBP,10
FLX_CA-Oas,DBF,D,0.8403910398483276,0.8663789629936218,0.2664682,0.3022419059526313,RECO_NT_VUT_USTAR50,tam-rl,IGBP,10
AMF_US-EML,OSH,D,0.4637376666069031,0.7280112504959106,0.42190152,0.2519075054342487,RECO_NT_VUT_USTAR50,tam-rl,IGBP,10
FLX_US-ORv,WET,D,0.5880824327468872,0.8004357218742371,0.32391748,0.30804444085814997,RECO_NT_VUT_USTAR50,tam-rl,IGBP,10
ICOSETC_FR-Gri,CRO,C,0.07796734571456909,1.6040056943893433,0.3708115,0.2667993049576722,RECO_NT_VUT_USTAR50,tam-rl,IGBP,10
AMF_US-xSB,ENF,C,0.22934269905090332,1.3452202081680298,0.30394885,0.5145391494402307,RECO_NT_VUT_USTAR50,tam-rl,IGBP,10
AMF_US-KLS,GRA,D,0.45790886878967285,1.8617476224899292,0.48931473,0.36802543461388865,RECO_NT_VUT_USTAR50,tam-rl,IGBP,10
AMF_US-Vcm,ENF,D,0.0,0.7897852063179016,0.7820792,0.24295439993552384,RECO_NT_VUT_USTAR50,tam-rl,IGBP,10
AMF_US-AR2,GRA,C,0.23965567350387573,0.9022456407546997,0.66364366,0.22676395927995524,RECO_NT_VUT_USTAR50,tam-rl,IGBP,10
AMF_US-HB1,WET,C,0.0,2.65049409866333,0.9909812,1.064199753919284,RECO_NT_VUT_USTAR50,tam-rl,IGBP,10
AMF_CA-NS1,ENF,D,0.8499366044998169,0.6003869771957397,0.24040487,0.20812958317768337,RECO_NT_VUT_USTAR50,tam-rl,IGBP,10
FLX_RU-Ha1,GRA,D,0.15249210596084595,1.2619332075119019,0.6927918,0.644656593423555,RECO_NT_VUT_USTAR50,tam-rl,IGBP,10
ICOSETC_CZ-BK1,ENF,D,0.3925654888153076,2.5263772010803223,0.369375,0.31376162128612134,RECO_NT_VUT_USTAR50,tam-rl,IGBP,10
FLX_AU-Cpr,SAV,B,0.0,1.7678248882293701,1.476743,0.649082561673686,RECO_NT_VUT_USTAR50,tam-rl,IGBP,10
AMF_US-YK2,WET,D,0.8867850303649902,0.3353736400604248,0.16426504,0.2748708826279058,RECO_NT_VUT_USTAR50,tam-rl,IGBP,10
AMF_US-BZS,ENF,D,0.5500138998031616,1.5835620164871216,0.40787125,0.2664674530366327,RECO_NT_VUT_USTAR50,tam-rl,IGBP,10
ICOSETC_IT-Niv,GRA,E,0.0,1.3151640892028809,0.8939148,0.5593584835461004,RECO_NT_VUT_USTAR50,tam-rl,IGBP,10
ICOSETC_IT-Cp2,MF,C,0.22974252700805664,1.8683501482009888,0.36850858,0.8172165945496437,RECO_NT_VUT_USTAR50,tam-rl,IGBP,10
AMF_US-Mo2,GRA,D,0.39905881881713867,1.2418296337127686,2.8515341,0.418806244127355,NEE_VUT_USTAR50,tam-rl,IGBP,10
AMF_US-Wi9,ENF,D,0.3834152817726135,1.2665338516235352,0.6004522,0.40911468271249474,NEE_VUT_USTAR50,tam-rl,IGBP,10
JPX_JP-Sb1,WET,D,0.0,2.0592610836029053,0.68267727,0.6273162177054676,NEE_VUT_USTAR50,tam-rl,IGBP,10
AMF_US-Dmg,WET,C,0.3441619277000427,2.5431299209594727,0.6928055,0.45880683380941356,NEE_VUT_USTAR50,tam-rl,IGBP,10
AMF_US-RGF,CRO,B,0.0,5.434511661529541,7.7139106,0.9950421568909936,NEE_VUT_USTAR50,tam-rl,IGBP,10
AMF_US-xDC,GRA,D,0.0,0.7381788492202759,1.0438447,0.30671599120438364,NEE_VUT_USTAR50,tam-rl,IGBP,10
AMF_CA-Qfo,ENF,D,0.4371461272239685,0.6561832427978516,12.584407,0.28431550153227425,NEE_VUT_USTAR50,tam-rl,IGBP,10
FLX_CN-Dan,GRA,D,0.31467390060424805,0.4707914888858795,0.9347685,0.5617734234607417,NEE_VUT_USTAR50,tam-rl,IGBP,10
AMF_US-xJR,OSH,B,0.0,0.7334693074226379,4.9258504,0.21192070495405263,NEE_VUT_USTAR50,tam-rl,IGBP,10
FLX_DK-Fou,CRO,C,0.34715020656585693,1.4379916191101074,1.4302231,0.48854529254179446,NEE_VUT_USTAR50,tam-rl,IGBP,10
AMF_US-Cop,GRA,B,0.43558287620544434,0.20943596959114075,1.5905452,0.12470744839358175,NEE_VUT_USTAR50,tam-rl,IGBP,10
AMF_US-xBN,ENF,D,0.4565902352333069,0.5267778038978577,2.2211702,0.2116780707405949,NEE_VUT_USTAR50,tam-rl,IGBP,10
AMF_US-CS1,CRO,D,0.8140058517456055,0.9552962779998779,1.7856619,0.3474551127397614,NEE_VUT_USTAR50,tam-rl,IGBP,10
FLX_CA-TP3,ENF,D,0.49056488275527954,1.3712056875228882,0.92156655,0.34005559735312696,NEE_VUT_USTAR50,tam-rl,IGBP,10
FLX_IT-Cp2,EBF,C,0.4195483922958374,1.1657434701919556,0.51369035,0.33873216739489576,NEE_VUT_USTAR50,tam-rl,IGBP,10
AMF_US-MOz,DBF,D,0.48182153701782227,1.5457253456115723,1.5359628,0.5194528036019566,NEE_VUT_USTAR50,tam-rl,IGBP,10
FLX_AR-SLu,MF,B,0.0,4.528234481811523,0.9527277,0.6621342704208018,NEE_VUT_USTAR50,tam-rl,IGBP,10
AMF_US-CS5,CRO,D,0.468559205532074,1.471551775932312,2.4082294,0.43266370361163214,NEE_VUT_USTAR50,tam-rl,IGBP,10
ICOSETC_FI-Var,ENF,D,0.5994013547897339,0.6311943531036377,4.1737638,0.2650029226668667,NEE_VUT_USTAR50,tam-rl,IGBP,10
AMF_US-xUN,MF,D,0.5886228084564209,1.2732828855514526,5.2133336,0.20919339675788423,NEE_VUT_USTAR50,tam-rl,IGBP,10
FLX_IT-Ro1,DBF,C,0.47371160984039307,1.8025370836257935,4.125477,0.4591986234301598,NEE_VUT_USTAR50,tam-rl,IGBP,10
AMF_US-Rls,CSH,B,0.2756686806678772,0.7998376488685608,1.6826779,0.24780248985867762,NEE_VUT_USTAR50,tam-rl,IGBP,10
AMF_US-Wi6,OSH,D,0.1059829592704773,2.1280922889709473,1.0419859,0.421253542965232,NEE_VUT_USTAR50,tam-rl,IGBP,10
FLX_AU-Cum,EBF,C,0.0,1.5019503831863403,1.5450636,1.1106705657307159,NEE_VUT_USTAR50,tam-rl,IGBP,10
ICOSETC_BE-Lon,CRO,C,0.420929491519928,2.4281749725341797,2.4565523,0.3786914311950775,NEE_VUT_USTAR50,tam-rl,IGBP,10
AMF_US-NR1,ENF,D,0.6782013177871704,0.6869986057281494,1.4206722,0.3072865402614751,NEE_VUT_USTAR50,tam-rl,IGBP,10
JPX_JP-Toc,DBF,D,0.38532716035842896,3.3519322872161865,1.9713128,0.3784704714577445,NEE_VUT_USTAR50,tam-rl,IGBP,10
ICOSETC_BE-Maa,CSH,C,0.11277645826339722,1.00472092628479,5.061676,0.4891228118126637,NEE_VUT_USTAR50,tam-rl,IGBP,10
AMF_US-PFm,DBF,D,0.4748530387878418,2.158031702041626,0.9715801,0.4340443938868107,NEE_VUT_USTAR50,tam-rl,IGBP,10
ICOSETC_SE-Htm,ENF,D,0.1426505446434021,2.7904417514801025,109.20204,0.9380140327654757,NEE_VUT_USTAR50,tam-rl,IGBP,10
FLX_AU-Whr,EBF,B,0.0,2.0679290294647217,1.8117003,0.8766648558515944,NEE_VUT_USTAR50,tam-rl,IGBP,10
FLX_US-Wi1,DBF,D,0.0,5.295072078704834,3.7690637,0.5154784048887994,NEE_VUT_USTAR50,tam-rl,IGBP,10
FLX_CN-HaM,GRA,E,0.5588871240615845,0.8636953234672546,1.6119143,0.5358348803108077,NEE_VUT_USTAR50,tam-rl,IGBP,10
FLX_US-Wi6,OSH,D,0.3969597816467285,1.4620895385742188,1.0016433,0.3950111082823418,NEE_VUT_USTAR50,tam-rl,IGBP,10
AMF_US-xKA,GRA,D,0.03094547986984253,2.0382840633392334,4.6857753,0.35268830237429366,NEE_VUT_USTAR50,tam-rl,IGBP,10
FLX_DE-Hai,DBF,D,0.8920010328292847,1.1078910827636719,1.5230579,0.3873942997635481,NEE_VUT_USTAR50,tam-rl,IGBP,10
FLX_AU-GWW,SAV,B,0.2059902548789978,0.402980774641037,0.84056854,0.43681765292390545,NEE_VUT_USTAR50,tam-rl,IGBP,10
FLX_SJ-Adv,WET,E,0.254067063331604,0.697317898273468,1.6878649,0.15685063023008605,NEE_VUT_USTAR50,tam-rl,IGBP,10
AMF_US-RGA,CRO,C,0.38510972261428833,3.4885456562042236,1.2535278,0.8064206940118105,NEE_VUT_USTAR50,tam-rl,IGBP,10
AMF_US-xDS,CVM,C,0.0,1.158373236656189,2.773281,0.7612903803315164,NEE_VUT_USTAR50,tam-rl,IGBP,10
FLX_SD-Dem,SAV,B,0.24136412143707275,1.0705028772354126,1.1487519,0.4715722214350726,NEE_VUT_USTAR50,tam-rl,IGBP,10
ICOSETC_IT-Lsn,OSH,C,0.1739445924758911,1.1976628303527832,14.003169,0.7529221539923556,NEE_VUT_USTAR50,tam-rl,IGBP,10
AMF_MX-Tes,DBF,B,0.0,1.7723677158355713,5.353432,0.6425547853158174,NEE_VUT_USTAR50,tam-rl,IGBP,10
AMF_US-Srr,WET,C,0.1282740831375122,2.0158071517944336,0.74422073,0.6668721768708175,NEE_VUT_USTAR50,tam-rl,IGBP,10
FLX_CA-Gro,MF,D,0.6845005750656128,0.7927621006965637,7.077651,0.22864195884335703,NEE_VUT_USTAR50,tam-rl,IGBP,10
AMF_CA-MA2,CRO,D,0.0,2.328397750854492,1.5576037,0.6405045862611118,NEE_VUT_USTAR50,tam-rl,IGBP,10
AMF_US-UMd,DBF,D,0.7227678298950195,1.2786880731582642,1.4876741,0.2787098711066408,NEE_VUT_USTAR50,tam-rl,IGBP,10
AMF_US-BZB,WET,D,0.6318411827087402,0.5161656141281128,11.689311,0.20223823937465876,NEE_VUT_USTAR50,tam-rl,IGBP,10
AMF_US-SRM,WSA,B,0.2901991605758667,0.4864155352115631,3.4113288,0.1024864981701746,NEE_VUT_USTAR50,tam-rl,IGBP,10
AMF_US-xRM,ENF,D,0.0,0.6631684899330139,1.2148354,0.39966416502856716,NEE_VUT_USTAR50,tam-rl,IGBP,10
FLX_GF-Guy,EBF,A,0.0,1.7532742023468018,2.5408998,0.5768400183632619,NEE_VUT_USTAR50,tam-rl,IGBP,10
FLX_US-SRC,OSH,B,0.1610826849937439,0.33434706926345825,1.6129671,0.09640585701333117,NEE_VUT_USTAR50,tam-rl,IGBP,10
FLX_US-KS1,ENF,C,0.0,1.120086669921875,0.948733,0.4900780150596602,NEE_VUT_USTAR50,tam-rl,IGBP,10
FLX_US-Tw3,CRO,C,0.10994219779968262,3.4309258460998535,0.7382989,0.8080440913297606,NEE_VUT_USTAR50,tam-rl,IGBP,10
ICOSETC_FI-Hyy,ENF,D,0.7385150790214539,0.8042861819267273,7.8207073,0.2975427284805168,NEE_VUT_USTAR50,tam-rl,IGBP,10
ICOSETC_FI-Let,ENF,D,0.42924827337265015,1.158941388130188,1.2298213,0.5084503204200511,NEE_VUT_USTAR50,tam-rl,IGBP,10
FLX_CZ-BK2,GRA,D,0.4314010739326477,1.393555760383606,26.723106,0.46475539061200355,NEE_VUT_USTAR50,tam-rl,IGBP,10
FLX_US-Ha1,DBF,D,0.7053405046463013,1.9718812704086304,20.868181,0.32158026271560647,NEE_VUT_USTAR50,tam-rl,IGBP,10
AMF_US-Pnp,WAT,D,0.0,1.8635263442993164,1.3415391,0.2694976189762765,NEE_VUT_USTAR50,tam-rl,IGBP,10
FLX_US-CRT,CRO,D,0.13120931386947632,3.2758047580718994,7.9327273,0.6457384449380346,NEE_VUT_USTAR50,tam-rl,IGBP,10
FLX_CN-Du2,GRA,D,0.0,1.001897931098938,4.942333,0.42287712839835845,NEE_VUT_USTAR50,tam-rl,IGBP,10
AMF_US-ARb,GRA,C,0.6287287473678589,1.1359965801239014,6.9398465,0.3625961534720276,NEE_VUT_USTAR50,tam-rl,IGBP,10
AMF_US-Wi1,DBF,D,0.0,5.351435661315918,3.9585047,0.5244698555494136,NEE_VUT_USTAR50,tam-rl,IGBP,10
FLX_CA-TP4,ENF,D,0.3863823413848877,1.2118861675262451,39.354244,0.32699089554084215,NEE_VUT_USTAR50,tam-rl,IGBP,10
FLX_US-Atq,WET,E,0.25244635343551636,0.6142743825912476,3.0920925,0.15682637458569454,NEE_VUT_USTAR50,tam-rl,IGBP,10
AMF_US-Mo3,CRO,D,0.5335992574691772,1.8315532207489014,2.2022061,0.6210029863289028,NEE_VUT_USTAR50,tam-rl,IGBP,10
FLX_IT-MBo,GRA,D,0.6417750716209412,1.2536914348602295,3.2001905,0.5239629735852335,NEE_VUT_USTAR50,tam-rl,IGBP,10
AMF_US-NC4,WET,C,0.06858402490615845,2.5305328369140625,2.992264,0.6266048155519768,NEE_VUT_USTAR50,tam-rl,IGBP,10
AMF_CA-TPD,DBF,D,0.7024798393249512,1.2349188327789307,7.965862,0.4106674330280242,NEE_VUT_USTAR50,tam-rl,IGBP,10
AMF_US-Tw2,CRO,C,0.6223870515823364,1.5426212549209595,5.767421,0.682566044116446,NEE_VUT_USTAR50,tam-rl,IGBP,10
FLX_CN-Qia,ENF,C,0.31438231468200684,1.3229618072509766,0.80949765,0.7384214596850466,NEE_VUT_USTAR50,tam-rl,IGBP,10
AMF_US-xBR,DBF,D,0.43284887075424194,1.4221558570861816,2.9805388,0.27714270624954157,NEE_VUT_USTAR50,tam-rl,IGBP,10
FLX_GL-ZaF,WET,E,0.018370866775512695,0.5757662653923035,1.0948758,0.115700670160751,NEE_VUT_USTAR50,tam-rl,IGBP,10
AMF_US-HB2,ENF,C,0.0,3.0181632041931152,1.2225745,0.5544022816820756,NEE_VUT_USTAR50,tam-rl,IGBP,10
AMF_US-PFt,ENF,D,0.5703448057174683,1.5793777704238892,0.58035016,0.41976542042096665,NEE_VUT_USTAR50,tam-rl,IGBP,10
FLX_AU-Stp,GRA,B,0.2690877914428711,0.7762601375579834,11.068826,0.32603692955578545,NEE_VUT_USTAR50,tam-rl,IGBP,10
FLX_AU-RDF,WSA,A,0.0,2.289212942123413,3.1043522,0.3897785741076707,NEE_VUT_USTAR50,tam-rl,IGBP,10
FLX_US-Wi3,DBF,D,0.2345697283744812,3.0840954780578613,0.67165196,0.3817627099432387,NEE_VUT_USTAR50,tam-rl,IGBP,10
FLX_JP-MBF,DBF,D,0.6182458400726318,1.4320615530014038,1.0181409,0.46655276843340493,NEE_VUT_USTAR50,tam-rl,IGBP,10
ICOSETC_FR-Tou,GRA,C,0.4276914596557617,1.4030038118362427,3.620736,0.6707807882427722,NEE_VUT_USTAR50,tam-rl,IGBP,10
FLX_US-GBT,ENF,D,0.0,1.6479324102401733,1.0985204,0.20219401962771952,NEE_VUT_USTAR50,tam-rl,IGBP,10
FLX_US-KS2,CSH,C,0.4549928903579712,0.9794516563415527,0.9651477,0.3151934858009156,NEE_VUT_USTAR50,tam-rl,IGBP,10
AMF_US-xSE,DBF,C,0.694485068321228,1.3019146919250488,9.766882,0.507194713434586,NEE_VUT_USTAR50,tam-rl,IGBP,10
FLX_US-Oho,DBF,D,0.8336827158927917,1.376710057258606,0.6116571,0.42328860603396573,NEE_VUT_USTAR50,tam-rl,IGBP,10
AMF_US-SP1,ENF,C,0.0,1.918406367301941,1.7793667,0.4378924694496109,NEE_VUT_USTAR50,tam-rl,IGBP,10
AMF_US-CS4,CRO,D,0.3321481943130493,1.9369827508926392,2.3680785,0.49715401488412353,NEE_VUT_USTAR50,tam-rl,IGBP,10
ICOSETC_NO-Hur,ENF,D,0.0,1.0801784992218018,0.70011693,0.34594979905691825,NEE_VUT_USTAR50,tam-rl,IGBP,10
JPX_RU-NeF,DNF,D,0.085518479347229,2.5567777156829834,0.8729572,0.35449889998566253,NEE_VUT_USTAR50,tam-rl,IGBP,10
AMF_US-UC2,CVM,D,0.5116396546363831,2.462078094482422,1.387466,0.7538519751751865,NEE_VUT_USTAR50,tam-rl,IGBP,10
AMF_CA-Ca1,ENF,C,0.0,2.5929150581359863,2.236274,0.3320529135901094,NEE_VUT_USTAR50,tam-rl,IGBP,10
AMF_US-NGB,SNO,E,0.0,0.8335167169570923,1.2011948,0.21797775184222173,NEE_VUT_USTAR50,tam-rl,IGBP,10
FLX_FR-LBr,ENF,C,0.525113582611084,1.3571460247039795,1.6794993,0.43137479450586314,NEE_VUT_USTAR50,tam-rl,IGBP,10
AMF_US-Var,GRA,C,0.5281975269317627,1.194555640220642,5.506743,0.30752946740757886,NEE_VUT_USTAR50,tam-rl,IGBP,10
FLX_CN-Cha,MF,D,0.569696307182312,1.3279825448989868,0.9718358,0.6980691612439649,NEE_VUT_USTAR50,tam-rl,IGBP,10
AMF_US-CGG,GRA,C,0.2113695740699768,1.304616093635559,4.4256873,0.33597820221659846,NEE_VUT_USTAR50,tam-rl,IGBP,10
ICOSETC_IT-Noe,CSH,C,0.5023583769798279,1.1243220567703247,10.265534,0.29610604069248875,NEE_VUT_USTAR50,tam-rl,IGBP,10
FLX_IT-CA2,CRO,C,0.14815151691436768,2.2253329753875732,2.2149212,1.237802693361912,NEE_VUT_USTAR50,tam-rl,IGBP,10
FLX_DE-SfN,WET,D,0.0,1.4750539064407349,1.4608903,0.4998902540565459,NEE_VUT_USTAR50,tam-rl,IGBP,10
FLX_US-Myb,WET,C,0.49465012550354004,1.7979848384857178,1.1013157,0.32060272757797387,NEE_VUT_USTAR50,tam-rl,IGBP,10
AMF_US-Jo1,OSH,B,0.2717205882072449,0.38530433177948,0.6421907,0.11364158064485806,NEE_VUT_USTAR50,tam-rl,IGBP,10
FLX_CA-Oas,DBF,D,0.7055462598800659,1.1722725629806519,10.376664,0.2968262936611653,NEE_VUT_USTAR50,tam-rl,IGBP,10
AMF_US-EML,OSH,D,0.5234429836273193,0.8047971725463867,2.4860795,0.3020503801323168,NEE_VUT_USTAR50,tam-rl,IGBP,10
FLX_US-ORv,WET,D,0.5298049449920654,1.223454475402832,1.5394957,0.3526098834733464,NEE_VUT_USTAR50,tam-rl,IGBP,10
ICOSETC_FR-Gri,CRO,C,0.43531209230422974,2.5994558334350586,19.28853,0.39347261922240756,NEE_VUT_USTAR50,tam-rl,IGBP,10
AMF_US-xSB,ENF,C,0.24943268299102783,0.86395663022995,26.459013,0.4638543800316378,NEE_VUT_USTAR50,tam-rl,IGBP,10
AMF_US-KLS,GRA,D,0.0,2.2686667442321777,2.5341134,0.3586226689838887,NEE_VUT_USTAR50,tam-rl,IGBP,10
AMF_US-Vcm,ENF,D,0.34176504611968994,0.791691243648529,2.1972575,0.34162201751691784,NEE_VUT_USTAR50,tam-rl,IGBP,10
AMF_US-AR2,GRA,C,0.19885456562042236,1.0377706289291382,5.8277535,0.2596210395946622,NEE_VUT_USTAR50,tam-rl,IGBP,10
AMF_US-HB1,WET,C,0.0,1.9885300397872925,1.6646252,0.7559736961108044,NEE_VUT_USTAR50,tam-rl,IGBP,10
AMF_CA-NS1,ENF,D,0.3590116500854492,1.1114431619644165,4.987211,0.21026579484032648,NEE_VUT_USTAR50,tam-rl,IGBP,10
FLX_RU-Ha1,GRA,D,0.0,0.9151028990745544,2.4642618,0.4474554245989101,NEE_VUT_USTAR50,tam-rl,IGBP,10
ICOSETC_CZ-BK1,ENF,D,0.522940993309021,1.9321380853652954,1.5087343,0.37833292516237343,NEE_VUT_USTAR50,tam-rl,IGBP,10
FLX_AU-Cpr,SAV,B,0.0,1.9719882011413574,4.2208686,0.7902639254103405,NEE_VUT_USTAR50,tam-rl,IGBP,10
AMF_US-YK2,WET,D,0.5044490098953247,0.6810855269432068,1.915595,0.3056429041687713,NEE_VUT_USTAR50,tam-rl,IGBP,10
AMF_US-BZS,ENF,D,0.41526567935943604,0.8221312165260315,6.203524,0.2704174221332147,NEE_VUT_USTAR50,tam-rl,IGBP,10
ICOSETC_IT-Niv,GRA,E,0.6655481457710266,0.599281907081604,0.6374534,0.5354459491340862,NEE_VUT_USTAR50,tam-rl,IGBP,10
ICOSETC_IT-Cp2,MF,C,0.0,2.355100393295288,0.90953296,0.7260955597265037,NEE_VUT_USTAR50,tam-rl,IGBP,10
